t,kappa,theta,epsilon,rho,V0,mu_ann,objective,calib_error_rmse,success,message,nit,x0,window_start,window_end,n_obs,feller_stat,feller_ok,roll_id
2016-12-06,4.81841503574317,0.03289526755211785,0.8554570348312543,-0.06742720631600524,0.031125082993335985,0.10603878294976316,4.0699848578096437e-07,0.0003189821648444496,True,CONVERGENCE: RELATIVE REDUCTION OF F <= FACTR*EPSMCH,10,"(4.834803, 0.032895, 0.267639, -0.067427)",2015-01-30,2016-12-06,483,0.43318281576719947,False,0
2017-01-04,4.781737072081881,0.030630889432188755,0.8040401277295898,-0.12522621046920487,0.02825998024378087,0.09357017952670901,2.898402625116217e-07,0.0002691840738988968,True,CONVERGENCE: RELATIVE REDUCTION OF F <= FACTR*EPSMCH,12,"(4.795564, 0.030631, 0.262267, -0.125226)",2015-02-27,2017-01-04,484,0.45312690307490294,False,1
2017-02-02,4.688519920896504,0.030244180188141262,0.7970650387697455,-0.11067427354551261,0.022556070151871624,0.12738613029642099,2.9088013146039906e-07,0.00026966652160676137,True,CONVERGENCE: RELATIVE REDUCTION OF F <= FACTR*EPSMCH,11,"(4.702366, 0.030244, 0.255279, -0.110674)",2015-03-30,2017-02-02,484,0.44639575646309754,False,2
2017-03-03,4.303502845879182,0.027488089869541647,0.6813264735170439,-0.07245121297616831,0.019420670511691804,0.18531361477887293,2.3346068560730203e-07,0.00024158884787091998,True,CONVERGENCE: RELATIVE REDUCTION OF F <= FACTR*EPSMCH,9,"(4.315889, 0.027488, 0.243813, -0.072451)",2015-04-28,2017-03-03,484,0.5096665413439619,False,3
2017-04-03,5.813479086087703,0.026538324390837663,0.7814564334541345,-0.12280978156754886,0.021620775380538915,0.13069475003458253,1.884650344941064e-07,0.00021706279887657512,True,CONVERGENCE: RELATIVE REDUCTION OF F <= FACTR*EPSMCH,13,"(5.824675, 0.026538, 0.237678, -0.12281)",2015-05-27,2017-04-03,484,0.5052776246046745,False,4
2017-05-02,5.613183975872699,0.02680537277381722,0.7651256627472586,-0.11490770846198564,0.020278789082229874,0.11630477249619302,1.8052277682964637e-07,0.00021243986028263167,True,CONVERGENCE: RELATIVE REDUCTION OF F <= FACTR*EPSMCH,13,"(5.624132, 0.026805, 0.23411, -0.114908)",2015-06-25,2017-05-02,484,0.5140384273389407,False,5
2017-05-31,5.416642443967649,0.02639339667948625,0.7524058919064711,-0.09463118573102564,0.01345945374292003,0.13124602647285602,1.832960886741588e-07,0.00021406546240737827,True,CONVERGENCE: RELATIVE REDUCTION OF F <= FACTR*EPSMCH,14,"(5.427666, 0.026393, 0.233251, -0.094631)",2015-07-24,2017-05-31,484,0.5050694191046813,False,6
2017-06-29,5.047979724470647,0.025962740756180193,0.7328524792528257,-0.10385706729097743,0.010783513000298681,0.1618261997265262,1.9920914406487855e-07,0.00022316425798157982,True,CONVERGENCE: RELATIVE REDUCTION OF F <= FACTR*EPSMCH,12,"(5.059455, 0.025963, 0.231051, -0.103857)",2015-08-24,2017-06-29,484,0.4880507803833016,False,7
2017-07-28,4.8759513851289356,0.025748787262448072,0.723499303684987,-0.11726418275413379,0.013550473412646194,0.1247291541052232,1.6538424022386418e-07,0.0002033373061701396,True,CONVERGENCE: RELATIVE REDUCTION OF F <= FACTR*EPSMCH,8,"(4.8864, 0.025749, 0.230529, -0.117264)",2015-09-22,2017-07-28,484,0.47970020792863133,False,8
2017-08-28,4.393386759180915,0.02510109441290845,0.691714295184701,-0.13044814474307145,0.0085935801485643,0.10154325949119271,2.2540811853443534e-07,0.00023738582445110323,True,CONVERGENCE: RELATIVE REDUCTION OF F <= FACTR*EPSMCH,9,"(4.405562, 0.025101, 0.232218, -0.130448)",2015-10-21,2017-08-28,484,0.46096567501071783,False,9
2017-09-26,4.097068285507615,0.02438898126504654,0.6729204362471283,-0.12183202386810935,0.009709236166376915,0.07011868835083922,2.375552459923735e-07,0.0002436981975970505,True,CONVERGENCE: RELATIVE REDUCTION OF F <= FACTR*EPSMCH,9,"(4.109552, 0.024389, 0.228906, -0.121832)",2015-11-19,2017-09-26,484,0.4413360690975626,False,10
2017-10-25,3.66096398177807,0.023732229044610212,0.6438643554540955,-0.11954769002936938,0.004888614943131589,0.02864583781467767,2.5489369306416315e-07,0.0002524349882197885,True,CONVERGENCE: RELATIVE REDUCTION OF F <= FACTR*EPSMCH,9,"(3.673873, 0.023732, 0.226567, -0.119548)",2015-12-18,2017-10-25,484,0.4191555459517864,False,11
2017-11-23,3.242048119775053,0.022617622495468764,0.6060547213139666,-0.11536298474703177,0.0036408404206611828,0.05813601743650842,2.622298973248936e-07,0.0002560419386344979,True,CONVERGENCE: RELATIVE REDUCTION OF F <= FACTR*EPSMCH,9,"(3.25512, 0.022618, 0.219512, -0.115363)",2016-01-18,2017-11-23,484,0.3992755583015093,False,12
2017-12-22,3.1420787128064704,0.022982216713589836,0.5938535779781547,-0.11070616543473952,0.014966167340791656,0.08707181536937321,2.583654436522391e-07,0.0002541483049726648,True,CONVERGENCE: RELATIVE REDUCTION OF F <= FACTR*EPSMCH,10,"(3.155049, 0.022982, 0.220781, -0.110706)",2016-02-16,2017-12-22,484,0.40952480930818985,False,13
2018-01-22,3.236114832907486,0.023040698546750303,0.6123718371087449,-0.12709700626463086,0.02297193607035351,0.1366346554249998,2.756207331002388e-07,0.00026249796815180893,True,CONVERGENCE: RELATIVE REDUCTION OF F <= FACTR*EPSMCH,9,"(3.249516, 0.023041, 0.222987, -0.127097)",2016-03-16,2018-01-22,484,0.3976666245097774,False,14
2018-02-20,3.158773058778367,0.023088550873520977,0.5953243445409228,-0.0940263165285288,0.030579887264893132,0.11591715947774742,2.1884267800075436e-07,0.00023390311992000385,True,CONVERGENCE: RELATIVE REDUCTION OF F <= FACTR*EPSMCH,10,"(3.170711, 0.023089, 0.22069, -0.094026)",2016-04-14,2018-02-20,484,0.41156440962642993,False,15
2018-03-21,3.2424554889549784,0.02280133704978472,0.6098053397077696,-0.10342429046344954,0.02771296121302027,0.12837543833125295,2.711404160629074e-07,0.0002603557259298791,True,CONVERGENCE: RELATIVE REDUCTION OF F <= FACTR*EPSMCH,9,"(3.255748, 0.022801, 0.223691, -0.103424)",2016-05-13,2018-03-21,484,0.39763251237926844,False,16
2018-04-19,3.479670707886919,0.023165409901729588,0.6522391955394758,-0.1489606165867377,0.035752884526741344,0.17048072572082326,3.0583159843114973e-07,0.0002765102161200521,True,CONVERGENCE: RELATIVE REDUCTION OF F <= FACTR*EPSMCH,10,"(3.493801, 0.023165, 0.240105, -0.148961)",2016-06-13,2018-04-19,484,0.37896084913168193,False,17
2018-05-18,4.034649273024198,0.021010563230479826,0.6714725144607832,-0.09353299495758431,0.038111325302266644,0.1762430439627225,2.5225761823353413e-07,0.0002511262721644352,True,CONVERGENCE: RELATIVE REDUCTION OF F <= FACTR*EPSMCH,9,"(4.047511, 0.021011, 0.241288, -0.093533)",2016-07-12,2018-05-18,484,0.37602524059342796,False,18
2018-06-18,4.565057831276926,0.019697913419363493,0.7271454493052311,-0.09471973194991828,0.01641753714691791,0.18534170296856337,2.477985945042126e-07,0.00024889686347565184,True,CONVERGENCE: RELATIVE REDUCTION OF F <= FACTR*EPSMCH,9,"(4.577832, 0.019698, 0.238519, -0.09472)",2016-08-10,2018-06-18,484,0.3401370356871603,False,19
2018-07-17,4.301233328262222,0.019159235698101677,0.7105609854772292,-0.10509191444556068,0.008972586776331632,0.16215431686339507,2.6075126446362564e-07,0.0002553190477311639,True,CONVERGENCE: RELATIVE REDUCTION OF F <= FACTR*EPSMCH,9,"(4.314323, 0.019159, 0.238376, -0.105092)",2016-09-08,2018-07-17,484,0.3264363113744909,False,20
2018-08-15,4.167845630895102,0.018802614415855005,0.7018037397786436,-0.08343402684744727,0.011408047881685464,0.16498393511477183,2.675760910453448e-07,0.0002586387882336058,True,CONVERGENCE: RELATIVE REDUCTION OF F <= FACTR*EPSMCH,9,"(4.181099, 0.018803, 0.238209, -0.083434)",2016-10-07,2018-08-15,484,0.3182207570368948,False,21
2018-09-13,4.258895083127053,0.018631154532155837,0.7193831980524069,-0.0922719829277205,0.019623404348227486,0.17071625738460403,2.7844967461216775e-07,0.00026384165454408355,True,CONVERGENCE: RELATIVE REDUCTION OF F <= FACTR*EPSMCH,9,"(4.27242, 0.018631, 0.240441, -0.092272)",2016-11-07,2018-09-13,484,0.3066522282246686,False,22
2018-10-12,4.110618783638626,0.017832844404496565,0.6972826486825499,-0.05905697122354621,0.015525648656362996,0.15884095083766359,2.628273559357876e-07,0.0002563334527560131,True,CONVERGENCE: RELATIVE REDUCTION OF F <= FACTR*EPSMCH,9,"(4.123751, 0.017833, 0.233135, -0.059057)",2016-12-06,2018-10-12,484,0.301536647371414,False,23
2018-11-12,4.080492374883262,0.01777123562536358,0.6754356644680698,-0.05102378764994983,0.016376885022319657,0.12874628284389164,2.385757169909828e-07,0.00024422106637737054,True,CONVERGENCE: RELATIVE REDUCTION OF F <= FACTR*EPSMCH,9,"(4.093002, 0.017771, 0.228462, -0.051024)",2017-01-04,2018-11-12,484,0.31790123438548,False,24
2018-12-11,3.874017734983114,0.018027418426162744,0.6928418411623438,-0.1066143435773925,0.030999882209259613,0.10648791335020187,2.917249877651055e-07,0.0002700578585385644,True,CONVERGENCE: RELATIVE REDUCTION OF F <= FACTR*EPSMCH,9,"(3.88784, 0.018027, 0.23288, -0.106614)",2017-02-02,2018-12-11,484,0.29097583627195295,False,25
2019-01-09,4.128277994683404,0.018352240572264675,0.7104295244803025,-0.13786553912176064,0.0194302349815813,0.08110986787906431,2.888442418182841e-07,0.0002687211574711555,True,CONVERGENCE: RELATIVE REDUCTION OF F <= FACTR*EPSMCH,9,"(4.142046, 0.018352, 0.243346, -0.137866)",2017-03-03,2019-01-09,484,0.3002244239557781,False,26
2019-02-07,3.778827392686433,0.019173153456225518,0.6846694129148004,-0.1221443703309714,0.03472035223530935,0.14340005904128927,3.072193185858856e-07,0.0002771368428420991,True,CONVERGENCE: RELATIVE REDUCTION OF F <= FACTR*EPSMCH,9,"(3.793007, 0.019173, 0.242993, -0.122144)",2017-04-03,2019-02-07,484,0.30911405034130407,False,27
2019-03-08,3.7119104905698084,0.01982724384505107,0.687151409894698,-0.10485042267499738,0.03443026840281977,0.17851828095364128,3.2418864866399814e-07,0.00028468783286310595,True,CONVERGENCE: RELATIVE REDUCTION OF F <= FACTR*EPSMCH,9,"(3.726472, 0.019827, 0.246077, -0.10485)",2017-05-02,2019-03-08,484,0.31173456164424573,False,28
2019-04-08,3.8039677952322783,0.02199428226637252,0.730573472000411,-0.1447407444692868,0.040819891498335724,0.13218598645251675,3.799048469836492e-07,0.0003081821081204307,True,CONVERGENCE: RELATIVE REDUCTION OF F <= FACTR*EPSMCH,9,"(3.819737, 0.021994, 0.251357, -0.144741)",2017-05-31,2019-04-08,484,0.31350814233619634,False,29
2019-05-07,3.210499947035931,0.02408884811849443,0.7462925093882214,-0.0565744176073313,0.06559726661215712,0.18444120003353714,3.332021989219061e-07,0.0002886183461655469,True,CONVERGENCE: RELATIVE REDUCTION OF F <= FACTR*EPSMCH,10,"(3.225232, 0.024089, 0.265282, -0.056574)",2017-06-29,2019-05-07,484,0.2777157631211144,False,30
2019-06-05,3.5000198498894903,0.025798039889585102,0.7870328784810712,-0.024305901968562638,0.05422056280141737,0.1876875304190553,5.801698654296898e-07,0.0003808444122962608,True,CONVERGENCE: RELATIVE REDUCTION OF F <= FACTR*EPSMCH,13,"(3.519484, 0.025798, 0.27641, -0.024306)",2017-07-28,2019-06-05,484,0.2915422237240641,False,31
2019-07-04,3.662933496654228,0.02746846916468985,0.8045372515630864,-0.026356115985601475,0.047709703815781906,0.1363433497815622,6.242197290181872e-07,0.0003950378871432182,True,CONVERGENCE: RELATIVE REDUCTION OF F <= FACTR*EPSMCH,13,"(3.683136, 0.027468, 0.278466, -0.026356)",2017-08-28,2019-07-04,484,0.3108860042105272,False,32
2019-08-02,3.8563268343309165,0.027889290052734703,0.8193826557778309,-0.014198412200413412,0.03592617448066462,0.16069576040318279,5.958636091647796e-07,0.0003859610114002097,True,CONVERGENCE: RELATIVE REDUCTION OF F <= FACTR*EPSMCH,12,"(3.87608, 0.027889, 0.283111, -0.014198)",2017-09-26,2019-08-02,484,0.32038173985408525,False,33
2019-09-02,4.2039735701424625,0.02866990285060639,0.8486522515951165,-0.027466265097313012,0.023761827345971605,0.14097946941306622,5.593708427157553e-07,0.00037395549296039427,True,CONVERGENCE: RELATIVE REDUCTION OF F <= FACTR*EPSMCH,12,"(4.223139, 0.02867, 0.286884, -0.027466)",2017-10-25,2019-09-02,484,0.3347007290814136,False,34
2019-10-01,4.566948668934865,0.028997812971366166,0.8857166680271075,-0.017910766876899933,0.015672658444475622,0.15469092802430592,5.498873666295935e-07,0.00037077195376724887,True,CONVERGENCE: RELATIVE REDUCTION OF F <= FACTR*EPSMCH,10,"(4.585978, 0.028998, 0.294541, -0.017911)",2017-11-23,2019-10-01,484,0.3376227750551787,False,35
2019-10-30,4.514278739386962,0.02859819258616191,0.885704455247349,-0.02083936128554429,0.01448035796831815,0.10063828381908234,5.575568356860577e-07,0.00037334864264764047,True,CONVERGENCE: RELATIVE REDUCTION OF F <= FACTR*EPSMCH,11,"(4.533436, 0.028598, 0.291007, -0.020839)",2017-12-22,2019-10-30,484,0.3291389620117905,False,36
2019-11-28,4.458456864546858,0.028562670877752258,0.8828595114055277,0.009637877029164318,0.02124857917073262,0.12090119108867098,5.522148737692537e-07,0.0003715558080161778,True,CONVERGENCE: RELATIVE REDUCTION OF F <= FACTR*EPSMCH,11,"(4.477518, 0.028562, 0.291019, 0.009638)",2018-01-22,2019-11-28,484,0.32676097260735004,False,37
2019-12-27,4.5003728403384695,0.028717309984399298,0.8803150137720632,0.03659641209153904,0.027812535742802996,0.1999397599114838,5.392674894530065e-07,0.0003671741717532054,True,CONVERGENCE: RELATIVE REDUCTION OF F <= FACTR*EPSMCH,12,"(4.519213, 0.028717, 0.293915, 0.036596)",2018-02-20,2019-12-27,484,0.3335385444871365,False,38
2020-01-27,4.430657003609764,0.02830529088227411,0.8772612928228957,0.027023936419483145,0.02658105958657915,0.1408096422243797,5.130320272571202e-07,0.0003581312703896977,True,CONVERGENCE: RELATIVE REDUCTION OF F <= FACTR*EPSMCH,11,"(4.449028, 0.028305, 0.293469, 0.027024)",2018-03-21,2020-01-27,484,0.325917600045069,False,39
2020-02-25,3.9361985710220333,0.02603626126592673,0.8086912679808661,0.053256791556580065,0.01010166422380701,0.1148680243481327,5.324461985446013e-07,0.0003648445554751688,True,CONVERGENCE: RELATIVE REDUCTION OF F <= FACTR*EPSMCH,13,"(3.954877, 0.026036, 0.277149, 0.053257)",2018-04-19,2020-02-25,484,0.3134152385185979,False,40
2020-03-25,3.8157458414116916,0.026285666720437924,0.7963429047179295,0.07580170303081801,0.012216792012363942,0.13078191063480787,4.953163667937373e-07,0.0003518935801089313,True,CONVERGENCE: RELATIVE REDUCTION OF F <= FACTR*EPSMCH,13,"(3.833753, 0.026286, 0.273792, 0.075802)",2018-05-18,2020-03-25,484,0.3163211293467098,False,41
2020-04-23,4.002099584225989,0.027089248256907925,0.8077286408541292,0.06687017301807122,0.024224461890413326,0.16188502128466972,5.110388233131328e-07,0.00035743489733218214,True,CONVERGENCE: RELATIVE REDUCTION OF F <= FACTR*EPSMCH,13,"(4.020398, 0.02709, 0.273757, 0.06687)",2018-06-18,2020-04-23,484,0.33234096359415416,False,42
2020-05-22,4.429999214363832,0.027653396340644426,0.8535877869113264,0.03489527275240151,0.0265699338513202,0.1397171695312224,5.044021335825524e-07,0.00035510636918278205,True,CONVERGENCE: RELATIVE REDUCTION OF F <= FACTR*EPSMCH,11,"(4.448215, 0.027653, 0.277252, 0.034895)",2018-07-17,2020-05-22,484,0.33626815252787856,False,43
2020-06-22,4.683573000959567,0.028079159942733023,0.8733256715579644,0.016699322491022395,0.02225169187840981,0.12975638846820745,4.746079395178541e-07,0.00034445897422615007,True,CONVERGENCE: RELATIVE REDUCTION OF F <= FACTR*EPSMCH,11,"(4.70126, 0.028079, 0.281023, 0.016699)",2018-08-15,2020-06-22,484,0.3448569215970671,False,44
2020-07-21,4.736498893681196,0.028466215403240427,0.8766326766819661,0.039274466738840115,0.027402304211815203,0.1358305967390965,2.321733019015186e-11,3.2393880391104707e-06,True,CONVERGENCE: RELATIVE REDUCTION OF F <= FACTR*EPSMCH,16,"(4.736445, 0.028466, 0.280579, 0.039271)",2018-09-13,2020-07-21,484,0.3508987790589856,False,45
2020-08-19,4.9641537464425145,0.02920519068248479,0.8930801086663583,0.03610740073151112,0.028803014136301902,0.17073877477828378,4.515507776881701e-07,0.00033598764036101995,True,CONVERGENCE: RELATIVE REDUCTION OF F <= FACTR*EPSMCH,10,"(4.981425, 0.029205, 0.282002, 0.036107)",2018-10-12,2020-08-19,484,0.3635418662932429,False,46
2020-09-17,5.442220275169895,0.03058485092606061,0.9886340767591464,0.022406873702336252,0.038134662657238576,0.23440447636922337,5.272092764056632e-07,0.0003630458913040473,True,CONVERGENCE: RELATIVE REDUCTION OF F <= FACTR*EPSMCH,9,"(5.460918, 0.030585, 0.289253, 0.022407)",2018-11-12,2020-09-17,484,0.3405973996400161,False,47
2020-10-16,5.467629178420185,0.030467942291113707,0.9686276574463566,0.0265181326880798,0.04168806912121055,0.22330044473730837,5.101108852004363e-07,0.0003571102370096115,True,CONVERGENCE: RELATIVE REDUCTION OF F <= FACTR*EPSMCH,9,"(5.486023, 0.030468, 0.290694, 0.026518)",2018-12-11,2020-10-16,484,0.3551063526819668,False,48
2020-11-16,5.28322298175849,0.029732464422343747,0.9588327126688037,0.04432340131451553,0.019793651096297903,0.2383669070901263,4.922842091546706e-07,0.00035081484052557185,True,CONVERGENCE: RELATIVE REDUCTION OF F <= FACTR*EPSMCH,8,"(5.301279, 0.029732, 0.280939, 0.044323)",2019-01-09,2020-11-16,484,0.3417229597610976,False,49
2020-12-15,4.853012530882633,0.02820772274897072,0.9356804035660009,0.05218105488531948,0.010292550439818655,0.1633488818780709,5.365913373697116e-07,0.00036626197511555085,True,CONVERGENCE: RELATIVE REDUCTION OF F <= FACTR*EPSMCH,8,"(4.871832, 0.028208, 0.279394, 0.052181)",2019-02-07,2020-12-15,484,0.31271907071328825,False,50
