vintage_date,kappa,theta,epsilon,rho,mu_ann
2022-12-30,5.121741681682461,0.009797713126130416,0.6071087825194391,-0.11385365364275968,-0.0019386131449416746
2023-01-31,5.371664378079141,0.009831467648674352,0.6239253446885993,-0.09677162730873398,-0.006573086344759913
2023-02-28,5.4727869513950855,0.009620071641404536,0.6290526072821963,-0.08477183286420088,0.025454934308579126
2023-03-31,5.373364466865847,0.01111490561249105,0.8191848163405497,0.084404474568587,0.03304296056519212
2023-04-28,2.866620837051246,0.012449742794460192,0.626145728495615,0.10483595218551935,0.06155252908796956
2023-05-31,2.5018422844871147,0.014310595101962961,0.6282934381167841,0.06251326367119996,0.0754654784857663
2023-06-30,2.7168283505259185,0.015481059911658065,0.6481129301439545,0.08516023979888504,0.08993989579354048
2023-07-31,2.849565847140265,0.017274061308108633,0.6800788277274581,0.03498476730919423,0.06894525628934674
2023-08-31,2.966124838839469,0.018106500348458503,0.6880343959588663,0.049263195408098495,0.08550051897138437
2023-09-29,3.037787080875747,0.01796110818942796,0.6979184110719057,0.05107321534017781,0.04465415509901389
2023-10-31,3.1691113315899355,0.018895735241886955,0.7009329878407646,0.06544035923874324,0.08921890115747635
2023-11-30,3.2554585070313706,0.020459686875970707,0.7237678257677871,0.11044522227260391,0.14754038105192788
2023-12-29,2.851854671906807,0.023923047234595825,0.7642211328774844,0.019499873918075304,0.09409539665508837
2024-01-31,2.9520272691659697,0.025144535859114487,0.7755993321397131,-0.0315338456687824,0.09160034514107393
2024-02-29,3.0499662943140966,0.02620473898178466,0.7866777102770227,0.0005993638057440291,0.1349043979520146
2024-03-28,3.290423420872786,0.027977751729188628,0.8064453143650093,0.005805657469033732,0.16718956149071512
2024-04-30,3.5862297229843043,0.028605827233479427,0.8323835282112512,0.006056345343757185,0.1648352867454843
2024-05-31,3.91249920388657,0.0296071524849493,0.8545106044014877,0.0008962342076170749,0.16766750261453262
2024-06-28,4.251375238989141,0.030389181926981156,0.8846858170072688,-0.002180163018412389,0.15186329840339696
2024-07-31,4.481632415501926,0.030536253636534772,0.9057668699600524,-0.007209919247184988,0.1372196101318698
2024-08-30,4.605843092015778,0.030982824509207703,0.9210041287070072,0.018955927859122295,0.11483167961016112
2024-09-30,4.744016999867426,0.03218608567774809,0.9243508471166474,0.01548952741746735,0.0868852771685654
2024-10-31,4.92327690599074,0.03273774112193266,0.9363276181176609,0.019665722700950627,0.055413179166072565
2024-11-29,4.9681161603945325,0.03432996995449959,0.9284222224005682,0.035013566626424485,0.08497899842585041
2024-12-31,5.0406195708992385,0.037445508138378894,0.9348458566819949,0.03214633910793428,0.07223066740086764
2025-01-31,5.2812965828434955,0.041513321057571606,1.1405549459119748,0.07222751475869173,0.1431865843166396
2025-02-28,5.1158572458559295,0.041885117004677265,1.1167880382008788,0.07025986672258028,0.08692749054502488
2025-03-28,5.612072462372296,0.044250514636421066,1.3018556668988837,0.07665490912389704,0.05076613103835353
2025-04-30,3.7093450920228865,0.0459858526218988,1.0504609605079798,0.12133392557046539,0.08828729768949818
2025-05-30,3.993547854591512,0.04690266340549572,1.0850171904948087,0.07759089462062438,0.06146816082848985
2025-06-30,4.057034521198009,0.04750889236965421,1.0921097643859,0.09026442629717371,0.07106484303061626
2025-07-31,3.935161071108833,0.04649442533028544,1.0775548349824458,0.1003235010540382,0.11905204225414545
2025-08-29,3.9175667150234035,0.04689751992803087,1.0662591415450067,0.09120132533748812,0.13842724828461989
2025-09-30,4.083791388269075,0.047273508279973536,1.083776725142865,0.08125441573415612,0.168768895311281
2025-10-31,4.242892424554948,0.048228390879274205,1.1045547935781719,0.07705986188659264,0.14762775324359415
2025-11-28,4.222538096745028,0.047781392596468214,1.0982949970264069,0.09633266125085164,0.18273925266031746
